Circles;;;
Composite Functions;;;
Differentiation;!2025,P1,paper1,marking1;1,3,5;
Domain;;;
Exponentials & Logarithms;!2025,P1,paper1,marking1;4,3,8;
Graph Transformations;!2025,P1,paper1,marking1;5,4,9;
Integration;!2025,P1,paper1,marking1;3,3,7;
Inverse Functions;;;
Optimization;;;
Polynomials;;;
Quadratics;;;
Rates of Change;;;
Recurrence Relations;;;
Straight Lines;!2025,P1,paper1,marking1;2,3,6;
Exact Values;!2025,P1,paper1,marking1;6,5,10;
Trig Equations;;;
Trig Identities;!2025,P1,paper1,marking1;6b,5,12;
Vectors;;;
!!c;;
qwk;;